Workbook

Sheet Resumen
A1: Avance KYNS IT · Agente PQRS (SDA 53781)
A2: Corte: 15/09/2026 · Fuente: Tareas · Documento Caro (RCS) · Rama feature/PQRSdev = feature/PQRSllmops (4aa1a2b)
A3: Avance = 50 % construido + 30 % evidencia + 20 % aprobación, por control (hoja Metodología). Ningún control está aprobado todavía: el techo actual es 80 %.
A5: Control | B5: Controles | C5: Bloqueantes | D5: Avance promedio | E5: Avance bloqueantes | F5: Cerrados | G5: Avanzados | H5: En curso | I5: Pendientes
A6: Pruebas adversariales y evaluación del sistema IA | B6: =COUNTIF('Avance por control'!$B$2:$B$29,A6) | C6: =COUNTIFS('Avance por control'!$B$2:$B$29,A6,'Avance por control'!$E$2:$E$29,"Bloqueante") | D6: =AVERAGEIF('Avance por control'!$B$2:$B$29,A6,'Avance por control'!$K$2:$K$29) | E6: =IFERROR(AVERAGEIFS('Avance por control'!$K$2:$K$29,'Avance por control'!$B$2:$B$29,A6,'Avance por control'!$E$2:$E$29,"Bloqueante"),"—") | F6: =COUNTIFS('Avance por control'!$B$2:$B$29,A6,'Avance por control'!$L$2:$L$29,"Cerrado") | G6: =COUNTIFS('Avance por control'!$B$2:$B$29,A6,'Avance por control'!$L$2:$L$29,"Avanzado") | H6: =COUNTIFS('Avance por control'!$B$2:$B$29,A6,'Avance por control'!$L$2:$L$29,"En curso") | I6: =COUNTIFS('Avance por control'!$B$2:$B$29,A6,'Avance por control'!$L$2:$L$29,"Pendiente")
A7: Monitoreo, mantenimiento y gobierno de modelos | B7: =COUNTIF('Avance por control'!$B$2:$B$29,A7) | C7: =COUNTIFS('Avance por control'!$B$2:$B$29,A7,'Avance por control'!$E$2:$E$29,"Bloqueante") | D7: =AVERAGEIF('Avance por control'!$B$2:$B$29,A7,'Avance por control'!$K$2:$K$29) | E7: =IFERROR(AVERAGEIFS('Avance por control'!$K$2:$K$29,'Avance por control'!$B$2:$B$29,A7,'Avance por control'!$E$2:$E$29,"Bloqueante"),"—") | F7: =COUNTIFS('Avance por control'!$B$2:$B$29,A7,'Avance por control'!$L$2:$L$29,"Cerrado") | G7: =COUNTIFS('Avance por control'!$B$2:$B$29,A7,'Avance por control'!$L$2:$L$29,"Avanzado") | H7: =COUNTIFS('Avance por control'!$B$2:$B$29,A7,'Avance por control'!$L$2:$L$29,"En curso") | I7: =COUNTIFS('Avance por control'!$B$2:$B$29,A7,'Avance por control'!$L$2:$L$29,"Pendiente")
A8: Protección y aislamiento de datos IA | B8: =COUNTIF('Avance por control'!$B$2:$B$29,A8) | C8: =COUNTIFS('Avance por control'!$B$2:$B$29,A8,'Avance por control'!$E$2:$E$29,"Bloqueante") | D8: =AVERAGEIF('Avance por control'!$B$2:$B$29,A8,'Avance por control'!$K$2:$K$29) | E8: =IFERROR(AVERAGEIFS('Avance por control'!$K$2:$K$29,'Avance por control'!$B$2:$B$29,A8,'Avance por control'!$E$2:$E$29,"Bloqueante"),"—") | F8: =COUNTIFS('Avance por control'!$B$2:$B$29,A8,'Avance por control'!$L$2:$L$29,"Cerrado") | G8: =COUNTIFS('Avance por control'!$B$2:$B$29,A8,'Avance por control'!$L$2:$L$29,"Avanzado") | H8: =COUNTIFS('Avance por control'!$B$2:$B$29,A8,'Avance por control'!$L$2:$L$29,"En curso") | I8: =COUNTIFS('Avance por control'!$B$2:$B$29,A8,'Avance por control'!$L$2:$L$29,"Pendiente")
A9: Restricción de autonomía e integridad financiera | B9: =COUNTIF('Avance por control'!$B$2:$B$29,A9) | C9: =COUNTIFS('Avance por control'!$B$2:$B$29,A9,'Avance por control'!$E$2:$E$29,"Bloqueante") | D9: =AVERAGEIF('Avance por control'!$B$2:$B$29,A9,'Avance por control'!$K$2:$K$29) | E9: =IFERROR(AVERAGEIFS('Avance por control'!$K$2:$K$29,'Avance por control'!$B$2:$B$29,A9,'Avance por control'!$E$2:$E$29,"Bloqueante"),"—") | F9: =COUNTIFS('Avance por control'!$B$2:$B$29,A9,'Avance por control'!$L$2:$L$29,"Cerrado") | G9: =COUNTIFS('Avance por control'!$B$2:$B$29,A9,'Avance por control'!$L$2:$L$29,"Avanzado") | H9: =COUNTIFS('Avance por control'!$B$2:$B$29,A9,'Avance por control'!$L$2:$L$29,"En curso") | I9: =COUNTIFS('Avance por control'!$B$2:$B$29,A9,'Avance por control'!$L$2:$L$29,"Pendiente")
A10: Total (28 controles) | B10: =SUM(B6:B9) | C10: =SUM(C6:C9) | D10: =AVERAGE('Avance por control'!$K$2:$K$29) | E10: =AVERAGEIF('Avance por control'!$E$2:$E$29,"Bloqueante",'Avance por control'!$K$2:$K$29) | F10: =SUM(F6:F9) | G10: =SUM(G6:G9) | H10: =SUM(H6:H9) | I10: =SUM(I6:I9)
A11: Bloqueantes del Equipo Data (19) | B11: =COUNTIFS('Avance por control'!$E$2:$E$29,"Bloqueante",'Avance por control'!$F$2:$F$29,"Equipo Data") | E11: =AVERAGEIFS('Avance por control'!$K$2:$K$29,'Avance por control'!$E$2:$E$29,"Bloqueante",'Avance por control'!$F$2:$F$29,"Equipo Data")

Sheet Avance por control
A1: ID | B1: Nombre del control | C1: Objetivo / Dominio | D1: Tarea / Evidencia requerida | E1: Clasificación | F1: Reponsable | G1: Enlace | H1: Construido (50 %) | I1: Evidencia (30 %) | J1: Aprobación (20 %) | K1: % avance | L1: Estado | M1: Qué tenemos | N1: Evidencias (guía de captura) | O1: Qué falta | P1: Responsable del pendiente | Q1: Documento de soporte
A2: IT1.1 | B2: Pruebas adversariales y evaluación del sistema IA | C2: Validación integral, seguridad y calidad de IA | D2: 1. Plan y alcance de pruebas IA: documento aprobado identificando componentes/modelos evaluados, casos de uso, rutas críticas, dataset de evaluación, métricas, umbrales y criterios de aceptación. | E2: Bloqueante | F2: Equipo Data | H2: Sí | I2: Sí | J2: No | K2: =0.5*IF(H2="Sí",1,IF(H2="Parcial",0.5,0))+0.3*IF(I2="Sí",1,IF(I2="Parcial",0.5,0))+0.2*IF(J2="Sí",1,IF(J2="Parcial",0.5,0)) | L2: =IF(K2>=1,"Cerrado",IF(K2>=0.65,"Avanzado",IF(K2>=0.25,"En curso","Pendiente"))) | M2: Plan de pruebas IA con componentes, rutas críticas, 6 datasets, métricas, umbrales y criterios de aceptación; incluido en el informe técnico v1.0.0 en Drive. | N2: Informe técnico §1.1 | O2: Firma del plan: los umbrales propuestos (90 % ruteo, 95 % adversarial) pasan a fijos; adoptar los criterios del Gobierno v3 (95 % correctas, 0 % críticos). | P2: Fabián y negocio | Q2: docs/PLAN_DE_PRUEBAS_IA.md
A3: IT1.2 | B3: Pruebas adversariales y evaluación del sistema IA | C3: Validación integral, seguridad y calidad de IA | D3: 2. Evaluación funcional/calidad: resultados por intención/ruta, incluyendo precisión, falsos positivos/negativos, análisis de errores de clasificación y casos ambiguos/fuera de alcance; incluir específicamente TNR/doble cobro. | E3: Bloqueante | F3: Equipo Data | G3: docs/EVIDENCIAS_TNR_RCS.docx | H3: Sí | I3: Sí | J3: No | K3: =0.5*IF(H3="Sí",1,IF(H3="Parcial",0.5,0))+0.3*IF(I3="Sí",1,IF(I3="Parcial",0.5,0))+0.2*IF(J3="Sí",1,IF(J3="Parcial",0.5,0)) | L3: =IF(K3>=1,"Cerrado",IF(K3>=0.65,"Avanzado",IF(K3>=0.25,"En curso","Pendiente"))) | M3: Datasets de doble cobro (28) y TNR (36) con frontera contra los vecinos del catálogo; tableros benchmark y canario. Techo con LLM real 96,4 % en doble cobro (local, 7/09); pisos sin LLM 46,4 % y 55,6 %. Banco de 36 casos de ruteo TNR corrido en dev el 15/09: 97,2 %; 19/19 propias, 0 entradas indebidas. Recorrido completo T01. | N3: R-01, R-02, T01a–T01g | O3: Aprobación. | P3: Pablo | Q3: docs/EVIDENCIAS_TNR_RCS.docx
A4: IT1.3 | B4: Pruebas adversariales y evaluación del sistema IA | C4: Validación integral, seguridad y calidad de IA | D4: 3. Evaluación generativa: pruebas de factualidad/grounding que relacionen pregunta, fuente recuperada, respuesta, incluyendo información inexistente, insuficiente o contradictoria y validación de fallback. | E4: Bloqueante | F4: Equipo Data | G4: docs/EVIDENCIAS_TNR_RCS.docx | H4: Sí | I4: Parcial | J4: No | K4: =0.5*IF(H4="Sí",1,IF(H4="Parcial",0.5,0))+0.3*IF(I4="Sí",1,IF(I4="Parcial",0.5,0))+0.2*IF(J4="Sí",1,IF(J4="Parcial",0.5,0)) | L4: =IF(K4>=1,"Cerrado",IF(K4>=0.65,"Avanzado",IF(K4>=0.25,"En curso","Pendiente"))) | M4: Banco de fidelidad corrido el 15/09: 7 de 11 puntuados; 12 sin resolver por instrumentación (H-32, corregida) y 3 saludos sin ficha (H-22). Sin dato no inventa (T02, T03). | N4: T02a–T02c, T03, R-10, R-11, R-17 | O4: Repetir la corrida de fidelidad tras desplegar H-32 y cargar fichas (H-22). Ruteo tras aclaración (H-31). | P4: Pablo | Q4: docs/EVIDENCIAS_TNR_RCS.docx
A5: IT1.4 | B5: Pruebas adversariales y evaluación del sistema IA | C5: Validación integral, seguridad y calidad de IA | D5: 4. Pruebas adversariales: informe sobre la configuración final contemplando como mínimo prompt injection, manipulación del routing/intención, evasión de guardrails, manipulación de contexto, fuga de información e intento de acceso/uso de capacidades no autorizadas. | E5: Bloqueante | F5: Equipo Data | G5: docs/EVIDENCIAS_TNR_RCS.docx | H5: Sí | I5: Sí | J5: No | K5: =0.5*IF(H5="Sí",1,IF(H5="Parcial",0.5,0))+0.3*IF(I5="Sí",1,IF(I5="Parcial",0.5,0))+0.2*IF(J5="Sí",1,IF(J5="Parcial",0.5,0)) | L5: =IF(K5>=1,"Cerrado",IF(K5>=0.65,"Avanzado",IF(K5>=0.25,"En curso","Pendiente"))) | M5: Banco adversarial corrido el 15/09: 60 ataques, ninguna fuga ni acción indebida; 45/51 puntuados, 4 inyecciones paradas pero mal informadas (H-32), 2 manipulaciones de ruteo sin efecto (H-30). Inyección (T07), casos trampa (R-02), manipulación (T09–T11). | N5: R-16, T07, R-02, T09, T10, T11 | O5: Repetir tras desplegar H-32 y la regla H-30. Traza del rechazo (H-25). | P5: Pablo | Q5: docs/EVIDENCIAS_TNR_RCS.docx
A6: IT1.5 | B6: Pruebas adversariales y evaluación del sistema IA | C6: Validación integral, seguridad y calidad de IA | D6: 5. Cierre de pruebas: remediación y retest satisfactorio de hallazgos críticos/altos y evidencia de cumplimiento de los umbrales aprobados. | E6: Bloqueante | F6: Equipo Data | H6: Parcial | I6: Parcial | J6: No | K6: =0.5*IF(H6="Sí",1,IF(H6="Parcial",0.5,0))+0.3*IF(I6="Sí",1,IF(I6="Parcial",0.5,0))+0.2*IF(J6="Sí",1,IF(J6="Parcial",0.5,0)) | L6: =IF(K6>=1,"Cerrado",IF(K6>=0.65,"Avanzado",IF(K6>=0.25,"En curso","Pendiente"))) | M6: Registro de 18 hallazgos con severidad, dueño y retest. El crítico de trazas (H-08) está remediado en código. | N6: E10 (local), E11 | O6: Cerrar los altos abiertos: H-06 Tantia, H-09 rotar credenciales, H-14 autenticación del llamador, H-15 reconciliación. | P6: Fabián, Diego | Q6: docs/REGISTRO_HALLAZGOS.md
A7: IT1.6 | B7: Pruebas adversariales y evaluación del sistema IA | C7: Validación integral, seguridad y calidad de IA | D7: 6. Trazabilidad productiva: identificación de modelo/versión, prompts, guardrails, KB/RAG y configuración evaluada, demostrando correspondencia con la versión promovida a producción. | E7: Bloqueante | F7: Equipo Data | H7: Sí | I7: Parcial | J7: No | K7: =0.5*IF(H7="Sí",1,IF(H7="Parcial",0.5,0))+0.3*IF(I7="Sí",1,IF(I7="Parcial",0.5,0))+0.2*IF(J7="Sí",1,IF(J7="Parcial",0.5,0)) | L7: =IF(K7>=1,"Cerrado",IF(K7>=0.65,"Avanzado",IF(K7>=0.25,"En curso","Pendiente"))) | M7: Ficha de versión generada por commit: imágenes, modelo, portones, huellas de catálogo, prompts y guardrails, datasets. Cada corrida lleva el commit del catálogo. | N7: E12, E13 | O7: Cruzar la ficha con las etiquetas de imagen desplegadas en OKD. | P7: Pablo | Q7: scripts/build_release_card.py
A8: IT2.1 | B8: Monitoreo, mantenimiento y gobierno de modelos | C8: Gobierno, monitoreo y ciclo de vida de IA | D8: 1. Procedimiento de gobierno y operación IA: publicado y versionado, incluyendo roles y responsabilidades sobre modelo, prompts, guardrails, KB/RAG y monitoreo. | E8: Bloqueante | F8: Equipo Data | H8: Parcial | I8: Parcial | J8: No | K8: =0.5*IF(H8="Sí",1,IF(H8="Parcial",0.5,0))+0.3*IF(I8="Sí",1,IF(I8="Parcial",0.5,0))+0.2*IF(J8="Sí",1,IF(J8="Parcial",0.5,0)) | L8: =IF(K8>=1,"Cerrado",IF(K8>=0.65,"Avanzado",IF(K8>=0.25,"En curso","Pendiente"))) | M8: Procedimiento de gobierno y operación (roles por activo, cambios, catálogo, contingencia, monitoreo) y el Gobierno del Agente IA v3 del banco. | N8: Informe técnico §2.1 | O8: Unificar en formato banco con nombres y ANS (hoy «XX» en el v3). | P8: Fabián, Pablo | Q8: docs/GOBIERNO_Y_OPERACION_IA.md
A9: IT2.2 | B9: Monitoreo, mantenimiento y gobierno de modelos | C9: Gobierno, monitoreo y ciclo de vida de IA | D9: 2. Inventario/configuración: modelo (LLM o SLM) utilizado, versión, proveedor, finalidad, personalizaciones y componentes asociados. | E9: Bloqueante | F9: Equipo Data | G9: docs/EVIDENCIAS_TNR_RCS.docx | H9: Sí | I9: Parcial | J9: No | K9: =0.5*IF(H9="Sí",1,IF(H9="Parcial",0.5,0))+0.3*IF(I9="Sí",1,IF(I9="Parcial",0.5,0))+0.2*IF(J9="Sí",1,IF(J9="Parcial",0.5,0)) | L9: =IF(K9>=1,"Cerrado",IF(K9>=0.65,"Avanzado",IF(K9>=0.25,"En curso","Pendiente"))) | M9: Inventario en la ficha de versión: modelo gpt56-terra, embeddings, proveedor Azure OpenAI, finalidad, portones, componentes e imágenes. Inventario en la ficha de versión; versión bajo prueba declarada en el informe (agente 1.0.15, trámite test_v1.0.9). | N9: Portada del informe | O9: Captura del ConfigMap. | P9: Pablo | Q9: docs/EVIDENCIAS_TNR_RCS.docx
A10: IT2.3 | B10: Monitoreo, mantenimiento y gobierno de modelos | C10: Gobierno, monitoreo y ciclo de vida de IA | D10: 3. Esquema de monitoreo: KPM/KRI, responsables, periodicidad y umbrales sobre routing/accuracy, fallback, errores críticos/relevantes, nuevos patrones, degradación y uso inadecuado. | E10: Bloqueante | F10: Equipo Data | H10: Sí | I10: No | J10: No | K10: =0.5*IF(H10="Sí",1,IF(H10="Parcial",0.5,0))+0.3*IF(I10="Sí",1,IF(I10="Parcial",0.5,0))+0.2*IF(J10="Sí",1,IF(J10="Parcial",0.5,0)) | L10: =IF(K10>=1,"Cerrado",IF(K10>=0.65,"Avanzado",IF(K10>=0.25,"En curso","Pendiente"))) | M10: Tres relojes (benchmark, canario, tráfico real) y tres monitores de alerta con umbrales, responsables y cadencias documentados. | N10: E15, E16 | O10: Aplicar en dev, fijar umbrales y destinatarios, capturar monitores y CronJobs. | P10: Fabián | Q10: docs/METRICAS_CAMPOS_Y_VISUALIZACIONES.md §6
A11: IT2.4 | B11: Monitoreo, mantenimiento y gobierno de modelos | C11: Gobierno, monitoreo y ciclo de vida de IA | D11: 4. Gestión de cambios: criterios que determinen cuándo un cambio de modelo, proveedor, prompt, guardrail, KB/RAG o configuración requiere pruebas de regresión o nueva evaluación. | E11: Bloqueante | F11: Equipo Data | H11: Sí | I11: Sí | J11: No | K11: =0.5*IF(H11="Sí",1,IF(H11="Parcial",0.5,0))+0.3*IF(I11="Sí",1,IF(I11="Parcial",0.5,0))+0.2*IF(J11="Sí",1,IF(J11="Parcial",0.5,0)) | L11: =IF(K11>=1,"Cerrado",IF(K11>=0.65,"Avanzado",IF(K11>=0.25,"En curso","Pendiente"))) | M11: Matriz cambio → evaluación: qué pruebas exige cada tipo de cambio, y regla de no promover con una suite roja. | N11: Informe técnico §2.4 | O11: Aprobación. | P11: Fabián | Q11: docs/PLAN_DE_PRUEBAS_IA.md §5
A12: IT2.5 | B12: Monitoreo, mantenimiento y gobierno de modelos | C12: Gobierno, monitoreo y ciclo de vida de IA | D12: 5. Gobierno de KB/RAG: responsables de creación/modificación/aprobación, versionamiento, vigencia, trazabilidad y retiro de contenido. | E12: Bloqueante | F12: Equipo Data | H12: Sí | I12: Sí | J12: No | K12: =0.5*IF(H12="Sí",1,IF(H12="Parcial",0.5,0))+0.3*IF(I12="Sí",1,IF(I12="Parcial",0.5,0))+0.2*IF(J12="Sí",1,IF(J12="Parcial",0.5,0)) | L12: =IF(K12>=1,"Cerrado",IF(K12>=0.65,"Avanzado",IF(K12>=0.25,"En curso","Pendiente"))) | M12: Catálogo y flujos versionados en git; aprobación, versionamiento, vigencia y retiro documentados; el commit del catálogo viaja en cada corrida. | N12: E17 | O12: Aprobación. | P12: Fabián | Q12: docs/GOBIERNO_Y_OPERACION_IA.md §4
A13: IT2.6 | B13: Monitoreo, mantenimiento y gobierno de modelos | C13: Gobierno, monitoreo y ciclo de vida de IA | D13: 6. Contingencia: criterios y procedimiento para escalamiento, suspensión de una tipología, retorno a estabilización y derivación al proceso tradicional. | E13: Bloqueante | F13: Equipo Data | G13: Documento RCS | H13: Parcial | I13: Parcial | J13: No | K13: =0.5*IF(H13="Sí",1,IF(H13="Parcial",0.5,0))+0.3*IF(I13="Sí",1,IF(I13="Parcial",0.5,0))+0.2*IF(J13="Sí",1,IF(J13="Parcial",0.5,0)) | L13: =IF(K13>=1,"Cerrado",IF(K13>=0.65,"Avanzado",IF(K13>=0.25,"En curso","Pendiente"))) | M13: Documento de contingencia de Fabián y procedimiento en gobierno §5; modo contingencia medido (piso sin LLM). | N13: E18 | O13: Cerrar el documento de Fabián y capturar la corrida en contingencia en dev. | P13: Fabián | Q13: Enlace RCS · docs/GOBIERNO_Y_OPERACION_IA.md §5
A14: IT2.7 | B14: Monitoreo, mantenimiento y gobierno de modelos | C14: Gobierno, monitoreo y ciclo de vida de IA | D14: 7. Evidencia de revisión periódica: evidencia del comportamiento de la solución una vez iniciada la operación. | E14: Bloqueante | F14: Equipo Data | G14: docs/EVIDENCIAS_TNR_RCS.docx | H14: Parcial | I14: Parcial | J14: No | K14: =0.5*IF(H14="Sí",1,IF(H14="Parcial",0.5,0))+0.3*IF(I14="Sí",1,IF(I14="Parcial",0.5,0))+0.2*IF(J14="Sí",1,IF(J14="Parcial",0.5,0)) | L14: =IF(K14>=1,"Cerrado",IF(K14>=0.65,"Avanzado",IF(K14>=0.25,"En curso","Pendiente"))) | M14: Canario ejecutado a mano el 15/09: 8 de 8 rutas críticas. | N14: R-15 | O14: Encender el canario y acumular ejecuciones en el tiempo. | P14: Fabián | Q14: docs/EVIDENCIAS_TNR_RCS.docx
A15: IT3.1 | B15: Protección y aislamiento de datos IA | C15: Protección y aislamiento de información | D15: 1. Mapa E2E de datos IA: identificar qué información entra por usuario/APIs, qué componente la procesa, qué información llega al agente, dónde se almacena y tiempo de conservación. | E15: No Bloqueante | F15: Equipo Data | H15: Parcial | I15: No | J15: No | K15: =0.5*IF(H15="Sí",1,IF(H15="Parcial",0.5,0))+0.3*IF(I15="Sí",1,IF(I15="Parcial",0.5,0))+0.2*IF(J15="Sí",1,IF(J15="Parcial",0.5,0)) | L15: =IF(K15>=1,"Cerrado",IF(K15>=0.65,"Avanzado",IF(K15>=0.25,"En curso","Pendiente"))) | M15: Diagrama de infraestructura del SDA y mapa de trazas con datos sensibles. | N15: — | O15: Tabla de retención por almacén (OpenSearch operativo y de analítica, MinIO, logs). | P15: Pablo, Fabián | Q15: docs/TRAZAS_DATOS_SENSIBLES.md
A16: IT3.2 | B16: Protección y aislamiento de datos IA | C16: Protección y aislamiento de información | D16: 2. Evidencia de minimización/protección: prueba dato original, mecanismo de enmascaramiento/anonimización/ofuscación, payload efectivamente enviado al modelo. | E16: No Bloqueante | F16: Equipo Data | G16: docs/EVIDENCIAS_TNR_RCS.docx | H16: Sí | I16: Sí | J16: No | K16: =0.5*IF(H16="Sí",1,IF(H16="Parcial",0.5,0))+0.3*IF(I16="Sí",1,IF(I16="Parcial",0.5,0))+0.2*IF(J16="Sí",1,IF(J16="Parcial",0.5,0)) | L16: =IF(K16>=1,"Cerrado",IF(K16>=0.65,"Avanzado",IF(K16>=0.25,"En curso","Pendiente"))) | M16: Enmascarado en los emisores y sanitizador en el error handler (PAN a últimos 4, credenciales ocultas, contratos intactos); la configuración de dev ya apaga los volcados. Enmascarado acreditado en el registro: clave <oculto>, permiso como huella, tarjeta ****2274, importes ****, dirección no guardada (R-03 a R-06). | N16: R-03, R-04, R-05, R-06 | O16: Nombre del titular en claro en la respuesta de productos (H-21). | P16: Pablo | Q16: docs/EVIDENCIAS_TNR_RCS.docx
A17: IT3.3 | B17: Protección y aislamiento de datos IA | C17: Protección y aislamiento de información | D17: 3. Aislamiento: pruebas entre clientes, sesiones y contextos demostrando imposibilidad de recuperar información perteneciente a otro usuario. | E17: No Bloqueante | F17: Equipo Data | G17: docs/EVIDENCIAS_TNR_RCS.docx | H17: Parcial | I17: Parcial | J17: No | K17: =0.5*IF(H17="Sí",1,IF(H17="Parcial",0.5,0))+0.3*IF(I17="Sí",1,IF(I17="Parcial",0.5,0))+0.2*IF(J17="Sí",1,IF(J17="Parcial",0.5,0)) | L17: =IF(K17>=1,"Cerrado",IF(K17>=0.65,"Avanzado",IF(K17>=0.25,"En curso","Pendiente"))) | M17: Id de conversación derivado del cliente, probado; hallazgo H-14 documentado. Tarjeta ajena ignorada, solo productos del titular (T11). Aislamiento por conversación acreditado. | N17: T11 | O17: Autenticación del llamador (H-14). | P17: Fabián | Q17: docs/EVIDENCIAS_TNR_RCS.docx
A18: IT3.4 | B18: Protección y aislamiento de datos IA | C18: Protección y aislamiento de información | D18: 4. Pruebas de exposición/reconstrucción: intentos de inferencia, recuperación o extracción de datos sensibles mediante manipulación conversacional. | E18: No Bloqueante | F18: Equipo Data | G18: docs/EVIDENCIAS_TNR_RCS.docx | H18: Sí | I18: Sí | J18: No | K18: =0.5*IF(H18="Sí",1,IF(H18="Parcial",0.5,0))+0.3*IF(I18="Sí",1,IF(I18="Parcial",0.5,0))+0.2*IF(J18="Sí",1,IF(J18="Parcial",0.5,0)) | L18: =IF(K18>=1,"Cerrado",IF(K18>=0.65,"Avanzado",IF(K18>=0.25,"En curso","Pendiente"))) | M18: Manipulación de contexto en varios turnos (banco adversarial): el asistente no mostró datos de la cuenta ajena que se le pedía; ninguna fuga en 60 casos. | N18: R-16 | O18: Repetir la corrida con la marca corregida (H-32) para puntuar los 9 casos multiturno. | P18: Pablo | Q18: docs/EVIDENCIAS_TNR_RCS.docx
A19: IT3.5 | B19: Protección y aislamiento de datos IA | C19: Protección y aislamiento de información | D19: 5. Guardrails: evidencia de funcionamiento de controles de entrada/salida sobre datos sensibles, incluyendo casos de evasión. | E19: No Bloqueante | F19: Equipo Data | G19: docs/EVIDENCIAS_TNR_RCS.docx | H19: Sí | I19: Sí | J19: No | K19: =0.5*IF(H19="Sí",1,IF(H19="Parcial",0.5,0))+0.3*IF(I19="Sí",1,IF(I19="Parcial",0.5,0))+0.2*IF(J19="Sí",1,IF(J19="Parcial",0.5,0)) | L19: =IF(K19>=1,"Cerrado",IF(K19>=0.65,"Avanzado",IF(K19>=0.25,"En curso","Pendiente"))) | M19: Guardrail de dos capas (filtro determinista y juez de alcance) y 10 casos de evasión. Inyección y petición ajena detenidas con el mensaje de alcance, sin entrar a ningún trámite (T07, T08). | N19: T07, T08 | O19: Que el rechazo deje traza junto a la conversación (H-25). | P19: Pablo | Q19: docs/EVIDENCIAS_TNR_RCS.docx
A20: IT3.6 | B20: Protección y aislamiento de datos IA | C20: Protección y aislamiento de información | D20: 6. Persistencia: revisión de prompts, outputs, OpenSearch/históricos, logs y trazas demostrando ausencia de información sensible en claro cuando no resulte necesaria. | E20: No Bloqueante | F20: Equipo Data | G20: docs/EVIDENCIAS_TNR_RCS.docx | H20: Sí | I20: Parcial | J20: No | K20: =0.5*IF(H20="Sí",1,IF(H20="Parcial",0.5,0))+0.3*IF(I20="Sí",1,IF(I20="Parcial",0.5,0))+0.2*IF(J20="Sí",1,IF(J20="Parcial",0.5,0)) | L20: =IF(K20>=1,"Cerrado",IF(K20>=0.65,"Avanzado",IF(K20>=0.25,"En curso","Pendiente"))) | M20: Tres capas contra datos sensibles en trazas y script de barrido; la configuración de dev ya apaga los volcados. Registros sin clave, sin permiso completo, sin PAN, sin dirección (R-03 a R-06). | N20: R-03 a R-06 | O20: Nombre del titular en claro (H-21); depurar histórico. | P20: Fabián | Q20: docs/EVIDENCIAS_TNR_RCS.docx
A21: IT3.7 | B21: Protección y aislamiento de datos IA | C21: Protección y aislamiento de información | D21: 7. Remediación/retest: de cualquier hallazgo crítico o alto asociado a exposición o aislamiento. | E21: No Bloqueante | F21: Equipo Data | H21: Parcial | I21: Parcial | J21: No | K21: =0.5*IF(H21="Sí",1,IF(H21="Parcial",0.5,0))+0.3*IF(I21="Sí",1,IF(I21="Parcial",0.5,0))+0.2*IF(J21="Sí",1,IF(J21="Parcial",0.5,0)) | L21: =IF(K21>=1,"Cerrado",IF(K21>=0.65,"Avanzado",IF(K21>=0.25,"En curso","Pendiente"))) | M21: H-08 remediado en código con retest por barrido. | N21: E10 | O21: Depurar el histórico y rotar la API key de Azure y la clave del granting (H-09). | P21: Fabián | Q21: docs/REGISTRO_HALLAZGOS.md
A22: IT4.1 | B22: Restricción de autonomía e integridad financiera | C22: Restricción de autonomía e integridad financiera | D22: 1. Arquitectura E2E: diseño actualizado. | E22: Bloqueante | F22: Equipo Data | G22: Documento RCS | H22: Parcial | I22: Parcial | J22: No | K22: =0.5*IF(H22="Sí",1,IF(H22="Parcial",0.5,0))+0.3*IF(I22="Sí",1,IF(I22="Parcial",0.5,0))+0.2*IF(J22="Sí",1,IF(J22="Parcial",0.5,0)) | L22: =IF(K22>=1,"Cerrado",IF(K22>=0.65,"Avanzado",IF(K22>=0.25,"En curso","Pendiente"))) | M22: Diseño técnico SDA 53781 y documento de arquitectura de Fabián; arquitectura del agente en el repo. | N22: — | O22: Actualizar con la analítica y el servicio de autorización. | P22: Fabián | Q22: Enlace RCS · docs/ARQUITECTURA_BACK_AGENT.md
A23: IT4.2 | B23: Restricción de autonomía e integridad financiera | C23: Restricción de autonomía e integridad financiera | D23: 2. Restricción de capacidades: catálogo/allowlist de rutas, acciones, estados y parámetros permitidos y evidencia de validación independiente de los outputs IA antes de ejecutar acciones sensibles. | E23: Bloqueante | F23: Equipo Data | H23: Sí | I23: Sí | J23: No | K23: =0.5*IF(H23="Sí",1,IF(H23="Parcial",0.5,0))+0.3*IF(I23="Sí",1,IF(I23="Parcial",0.5,0))+0.2*IF(J23="Sí",1,IF(J23="Parcial",0.5,0)) | L23: =IF(K23>=1,"Cerrado",IF(K23>=0.65,"Avanzado",IF(K23>=0.25,"En curso","Pendiente"))) | M23: Catálogo generado del YAML: 34 acciones, 4 con efecto, puertas obligatorias demostradas y 0 atajos; test de contrato. | N23: E23 | O23: Aprobación. | P23: Fabián | Q23: docs/CATALOGO_CAPACIDADES.md
A24: IT4.3 | B24: Restricción de autonomía e integridad financiera | C24: Restricción de autonomía e integridad financiera | D24: 3. Pruebas de bypass: intentos de modificar producto/transacción, saltar estados/reglas, alterar elegibilidad o forzar bloqueo, reexpedición o abono, demostrando rechazo determinístico. | E24: Bloqueante | F24: Equipo Data | G24: docs/EVIDENCIAS_TNR_RCS.docx | H24: Sí | I24: Sí | J24: No | K24: =0.5*IF(H24="Sí",1,IF(H24="Parcial",0.5,0))+0.3*IF(I24="Sí",1,IF(I24="Parcial",0.5,0))+0.2*IF(J24="Sí",1,IF(J24="Parcial",0.5,0)) | L24: =IF(K24>=1,"Cerrado",IF(K24>=0.65,"Avanzado",IF(K24>=0.25,"En curso","Pendiente"))) | M24: Banco de omisión de pasos: 20 de 20 sin acción con efecto (R-14). Negativa, «autorízalo tú» y tarjeta ajena en pantalla (T09–T11). | N24: R-14, T09, T10, T11, R-12, R-13 | O24: Redacción de dos mensajes de rechazo (H-23, H-24). | P24: Pablo | Q24: docs/EVIDENCIAS_TNR_RCS.docx
A25: IT4.4 | B25: Restricción de autonomía e integridad financiera | C25: Restricción de autonomía e integridad financiera | D25: 4. Idempotencia: evidencia del mecanismo de llave única y pruebas de doble envío, concurrencia, reintento y reingreso. | E25: Bloqueante | F25: Equipo Data | G25: docs/EVIDENCIAS_TNR_RCS.docx | H25: Sí | I25: Parcial | J25: No | K25: =0.5*IF(H25="Sí",1,IF(H25="Parcial",0.5,0))+0.3*IF(I25="Sí",1,IF(I25="Parcial",0.5,0))+0.2*IF(J25="Sí",1,IF(J25="Parcial",0.5,0)) | L25: =IF(K25>=1,"Cerrado",IF(K25>=0.65,"Avanzado",IF(K25>=0.25,"En curso","Pendiente"))) | M25: Huella única por transacción para Tantia, ficha única por cliente y flujo, un turno por conversación; tests en verde. Bloqueo anotado de forma duradera (R-09). Caso repetido no demostrable: en DEV la comprobación lee un listado fijo que no distingue por cliente y sin reclamaciones recientes de este tipo. | N25: R-09, T12 | O25: Repetir T12 con 1013634958: cargar su ficha (seed 10) y TRX_SALESFORCE_SOURCE=aso en el ConfigMap del trámite. | P25: Pablo | Q25: docs/EVIDENCIAS_TNR_RCS.docx
A26: IT4.5 | B26: Restricción de autonomía e integridad financiera | C26: Restricción de autonomía e integridad financiera | D26: 5. Fallos parciales: pruebas de timeout/pérdida de respuesta y acciones exitosas con fallo posterior, demostrando que no existe reejecución automática indebida. | E26: Bloqueante | F26: Equipo Data | G26: docs/EVIDENCIAS_TNR_RCS.docx | H26: Sí | I26: Sí | J26: No | K26: =0.5*IF(H26="Sí",1,IF(H26="Parcial",0.5,0))+0.3*IF(I26="Sí",1,IF(I26="Parcial",0.5,0))+0.2*IF(J26="Sí",1,IF(J26="Parcial",0.5,0)) | L26: =IF(K26>=1,"Cerrado",IF(K26>=0.65,"Avanzado",IF(K26>=0.25,"En curso","Pendiente"))) | M26: Candado durable contra la reejecución del bloqueo y fail-closed de los gates; tests en verde. Autorización vencida: sin bloqueo (R-07). Autorización aceptada: bloqueo en 54 ms (R-08). Fallo previo a pedirla: denegación sin bloqueo (R-13). | N26: R-07, R-08, R-13 | O26: Causa del fallo de autorización del 15/09 (H-26). | P26: Fabián | Q26: docs/EVIDENCIAS_TNR_RCS.docx
A27: IT4.6 | B27: Restricción de autonomía e integridad financiera | C27: Restricción de autonomía e integridad financiera | D27: 6. Límites antifraude: reglas y parametrización aprobadas para monto, acumulado por cliente, frecuencia y temporalidad, con pruebas de superación. | E27: Bloqueante | F27: Equipo Systems | G27: docs/EVIDENCIAS_TNR_RCS.docx | H27: Parcial | I27: Sí | J27: No | K27: =0.5*IF(H27="Sí",1,IF(H27="Parcial",0.5,0))+0.3*IF(I27="Sí",1,IF(I27="Parcial",0.5,0))+0.2*IF(J27="Sí",1,IF(J27="Parcial",0.5,0)) | L27: =IF(K27>=1,"Cerrado",IF(K27>=0.65,"Avanzado",IF(K27>=0.25,"En curso","Pendiente"))) | M27: Importe mínimo y máximo parametrizados (TRX_MONTO_MIN/MAX) y aplicados en el filtro de movimientos y en el paso 2.4.0.1.6; tope de 3 por solicitud en el flujo; contador de solicitudes en 6 meses (MAX_TRX_BOT_RECURRENCE) y consulta de casos previos en Salesforce. Evidencia de código entregada a Systems el 15/09. | N27: T04, T05a, T05b, T06, T12; docs/EVIDENCIA_CODIGO_LIMITES_IT4.6.docx | O27: Parametrización aprobada. MAX_TRX_BOT_RECURRENCE vale 20 en DEV, la política dice 3 (H-27). Salesforce desvía al primer caso previo, la política permite 3: decidir (H-28). Acumulado por cliente no implementado (H-16). Retirar código muerto de la regla de importe (H-29). | P27: Systems, Fabián | Q27: docs/EVIDENCIA_CODIGO_LIMITES_IT4.6.docx · docs/EVIDENCIAS_TNR_RCS.docx
A28: IT4.7 | B28: Restricción de autonomía e integridad financiera | C28: Restricción de autonomía e integridad financiera | D28: 7. Trazabilidad: logs que permita reconstruir cliente, transacción, reglas, decisión, acción, resultado. | E28: Bloqueante | F28: Equipo Data | G28: docs/EVIDENCIAS_TNR_RCS.docx | H28: Sí | I28: Parcial | J28: No | K28: =0.5*IF(H28="Sí",1,IF(H28="Parcial",0.5,0))+0.3*IF(I28="Sí",1,IF(I28="Parcial",0.5,0))+0.2*IF(J28="Sí",1,IF(J28="Parcial",0.5,0)) | L28: =IF(K28>=1,"Cerrado",IF(K28>=0.65,"Avanzado",IF(K28>=0.25,"En curso","Pendiente"))) | M28: Reconstrucción de un caso de punta a punta documentada: eventos por turno, ficha con hitos, trazas enmascaradas. Reconstrucción completa desde el registro: decisión de ruteo (R-01), fechas rechazadas (R-11), bloqueo en orden (R-08), 488 anotaciones revisadas. | N28: R-01, R-08, R-11, R-12 | O28: Traza del rechazo del control de entrada (H-25). | P28: Pablo | Q28: docs/EVIDENCIAS_TNR_RCS.docx
A29: IT4.8 | B29: Restricción de autonomía e integridad financiera | C29: Restricción de autonomía e integridad financiera | D29: 8. Reconciliación: evidencia entre operaciones elegibles, enviadas, ejecutadas, rechazadas/ambiguas y contabilizadas, incluyendo tratamiento de diferencias. | E29: Bloqueante | F29: Equipo Systems | G29: docs/EVIDENCIAS_TNR_RCS.docx | H29: No | I29: No | J29: No | K29: =0.5*IF(H29="Sí",1,IF(H29="Parcial",0.5,0))+0.3*IF(I29="Sí",1,IF(I29="Parcial",0.5,0))+0.2*IF(J29="Sí",1,IF(J29="Parcial",0.5,0)) | L29: =IF(K29>=1,"Cerrado",IF(K29>=0.65,"Avanzado",IF(K29>=0.25,"En curso","Pendiente"))) | M29: CSV diario a Tantia; el RPA aplica idempotencia por llave. Devolución registrada y plazo comunicado al cliente (T01f). | N29: T01f | O29: Reconciliación entre solicitadas, ejecutadas y rechazadas. | P29: Systems, Diego, Fabián | Q29: docs/EVIDENCIAS_TNR_RCS.docx

Sheet Pendientes
A1: # | B1: Pendiente | C1: Controles | D1: Responsable | E1: Tipo | F1: Fecha objetivo | G1: Notas
A2: 1 | B2: Firmar el plan de pruebas y fijar los umbrales | C2: IT1.1, IT1.5 | D2: Fabián y negocio | E2: Decisión
A3: 2 | B3: Aplicar el IaC en dev y reiniciar trx, back_data, doble cobro y Logstash | C3: IT1.6, IT2.3, IT3.6 | D3: Pablo, Fabián | E3: Despliegue
A4: 3 | B4: Construir las imágenes del agente y del benchmark v9 | C4: IT1.3, IT1.4, IT2.3, IT2.7, IT4.3 | D4: Pablo | E4: Construcción | G4: Hecho 14/09: agente 1.0.15, benchmark v9.
A5: 4 | B5: Construir las imágenes del error handler, trx, back_data, doble cobro y front | C5: IT3.2, IT3.6 | D5: Pablo | E5: Construcción | G5: Hecho 14/09: error handler v2, trx test_v1.0.9, back_data test_v1.0.6, doble cobro 1.0.2.
A6: 5 | B6: Correr el benchmark contra dev con el modelo desplegado | C6: IT1.2, IT1.3, IT1.4, IT3.4, IT4.3 | D6: Pablo | E6: Evidencia | G6: Hecho 15/09 para TNR: 36 casos, 97,2 %. Pendiente el resto de bancos.
A7: 6 | B7: Tomar las capturas E01–E26 en dev según la guía de captura | C7: Varios | D7: Pablo | E7: Evidencia | G7: Hecho 15/09 para TNR: T01 a T12 capturadas (21 capturas, 33 evidencias).
A8: 7 | B8: Fijar umbrales y destinatarios de las alertas | C8: IT2.3 | D8: Fabián | E8: Decisión
A9: 8 | B9: Encender el canario en dev | C9: IT2.7 | D9: Fabián | E9: Decisión
A10: 9 | B10: Depurar el histórico de audit-logs y rotar la API key de Azure y la clave del granting (H-08, H-09) | C10: IT1.5, IT3.6, IT3.7 | D10: Fabián | E10: Operación
A11: 10 | B11: Unificar el procedimiento de gobierno en formato banco, con nombres y ANS | C11: IT2.1 | D11: Fabián, Pablo | E11: Documento
A12: 11 | B12: Tabla de retención por almacén | C12: IT3.1 | D12: Pablo, Fabián | E12: Documento
A13: 12 | B13: Autenticación del llamador en la API del agente (H-14) | C13: IT3.3 | D13: Fabián | E13: Construcción
A14: 13 | B14: Alinear el hook de doble cobro con el export de Tantia (H-06) y diseñar la reconciliación (H-15) | C14: IT1.5, IT4.8 | D14: Diego, Fabián, Systems | E14: Construcción
A15: 14 | B15: Parametrización antifraude aprobada y tope por suma diaria (H-16) | C15: IT4.6 | D15: Systems, Fabián | E15: Decisión
A16: 15 | B16: Saludo a personas jurídicas: usar la plantilla sin nombre (H-12) | C16: IT1.3 | D16: Fabián (producto) | E16: Decisión | G16: Acreditado 15/09 (T02c): saludo genérico con persona jurídica.
A17: 16 | B17: Confirmar si la devolución solo debe llegar tras el bloqueo definitivo (H-13) | C17: IT4.2, IT4.3 | D17: Diego | E17: Decisión
A18: 17 | B18: Actualizar la arquitectura E2E con analítica y autorización | C18: IT4.1 | D18: Fabián | E18: Documento
A19: 18 | B19: Cerrar el documento de contingencia | C19: IT2.6 | D19: Fabián | E19: Documento
A20: 19 | B20: Determinar por qué la autorización del bloqueo falló antes de pedirse el 15/09 (H-26) | C20: IT4.5, IT4.4 | D20: Equipo técnico | E20: Operación | G20: Registro del pod del trámite 07:55–07:59.
A21: 20 | B21: Localizar la traza del rechazo de la inyección y corregir su guardado (H-25) | C21: IT3.5, IT4.7 | D21: Equipo técnico | E21: Construcción | G21: Carpeta no-conversation.
A22: 21 | B22: Corregir los mensajes de rechazo: sin identificadores internos y repitiendo la pregunta pendiente (H-23, H-24) | C22: IT4.3 | D22: Equipo PQRS | E22: Construcción
A23: 22 | B23: Cargar las fichas de identidad de los clientes de prueba en la fuente oficial (H-19, H-20, H-22) | C23: IT1.3, IT4.4 | D23: Equipo Data | E23: Datos
A24: 23 | B24: Repetir T02a con fichas cargadas y T12 con 1013634958 y fuente de Salesforce ajustada | C24: IT1.3, IT4.4 | D24: Pablo | E24: Evidencia
A25: 24 | B25: Fijar MAX_TRX_BOT_RECURRENCE=3 en DEV, QA y PRD (H-27) | C25: IT4.6 | D25: Equipo técnico, Systems | E25: Configuración
A26: 25 | B26: Decidir si «3 solicitudes en 6 meses» convive con «no duplicar caso abierto» en Salesforce (H-28) | C26: IT4.6 | D26: Systems, Fabián | E26: Decisión
A27: 26 | B27: Retirar el evaluador de respaldo con comparaciones invertidas y la regla individual con literales (H-29) | C27: IT4.6 | D27: Equipo técnico | E27: Construcción
A28: 27 | B28: Desplegar el agente con la marca del banco corregida y las reglas de ruteo; repetir corridas adversarial y de fidelidad (H-30, H-31, H-32) | C28: IT1.3, IT1.4, IT3.4 | D28: Pablo | E28: Evidencia
A29: 28 | B29: Aplicar el manifiesto del trabajo nocturno del banco de casos (H-33) | C29: IT2.7 | D29: Fabián | E29: Despliegue

Sheet Metodología
A1: Cómo se calcula el avance
A2: Cada control tiene tres componentes, con valor Sí (1), Parcial (0,5) o No (0):
A3: • Construido, 50 %: el mecanismo, dataset, prueba o documento existe en el repositorio (rama feature/PQRSdev desde el 11/09).
A4: • Evidencia, 30 %: hay evidencia tomada. Sí = evidencia completa (documento publicado o tests en verde cuando eso es lo exigido); Parcial = evidencia local o en contingencia, o faltan capturas en dev; No = sin evidencia.
A5: • Aprobación, 20 %: el responsable lo firmó, fijó el valor o cerró el retest.
A6: % avance = 0,5 × Construido + 0,3 × Evidencia + 0,2 × Aprobación. Los desplegables de la hoja «Avance por control» recalculan el porcentaje y el estado.
A8: Estados
A9: Cerrado = 100 % · Avanzado ≥ 65 % · En curso ≥ 25 % · Pendiente < 25 %.
A11: Fuentes
A12: Columnas A a G: copia literal de «Tareas - Documento Caro - Hoja 1» (RCS); se conserva el encabezado original «Reponsable».
A13: Columnas H a Q: estado al 15/09/2026 según el repositorio y la matriz de evidencias (docs/MATRIZ_EVIDENCIAS_RCS.md).
A14: Evidencias E00–E26: capturas definidas en la guía de captura de esa matriz.
A15: Informe técnico v1.0.0 en Drive: https://docs.google.com/document/d/1cL_7GRNbq_t2up2rP0Gor5tm10JOZA3rwnSmN8kaHQw/edit
